codigo_proveedor;id_pago;tipo_factura;id_tipo_producto;condicion_pago;codigo_factura;fecha_mov;fecha_vto;fecha_emi;impor;cancelado;saldo;obs
92684;1;FXĀ;1;CTD;00003-00000023;2023-03-13;2023-03-20;2023-03-13;53.000;0;53.000;abc
92684;1;FXĀ;1;CTD;00004-00000023;2023-04-10;2023-04-17;2023-04-10;53.000;0;53.000;qwe
437;1;FAĀ;2;30FF;00004-00009257;2023-03-20;2023-04-10;2023-03-10;60.500;0;60.500;rty
437;1;FAĀ;2;30FF;00004-00009294;2023-04-13;2023-05-15;2023-04-11;60.500;0;60.500;uio
8626;1;FAĀ;3;CTD;01099-00005887;2023-02-24;2023-02-27;2023-02-24;319.999;106.666;213.333;abc
8626;1;FAĀ;3;CTD;01305-01095501;2023-04-27;2023-04-24;2023-04-19;78.033;0;78.033;qwe
2618;2;FAĀ;3;CTD;00005-00585527;2023-04-04;2023-04-10;2023-04-03;7.390;0;7.390;rty
2618;2;FAĀ;4;CTD;00005-00585526;2023-04-04;2023-04-10;2023-04-03;3.695;0;3.695;uio
10026;2;FAĀ;5;CTD;0006-00010059;2021-09-29;2021-09-27;2021-09-24;104.152;0;104.152;abc
91164;1;FAĀ;6;CTD;0003-00000728;2020-04-22;2020-04-27;2020-04-22;21.023;0;21.023;qwe
91164;1;FAĀ;6;CTD;0001-00000727;2020-04-22;2020-04-27;2020-04-22;28.758;0;28.758;rty
91164;1;FAĀ;6;CTD;0003-00000730;2020-06-30;2020-05-11;2020-05-05;28.758;0;28.758;uio
91164;1;FAĀ;6;CTD;0003-00000731;2020-06-30;2020-05-11;2020-05-05;21.023;0;21.023;abc
93992;2;FAĀ;7;CTD;00003-00000022;2023-04-27;2023-05-01;2023-04-25;459.074;0;459.074;qwe
93598;2;CFĀ;2;30FF;00001-00001200;2023-03-15;2023-04-17;2023-03-15;-1.200;0;-1.200;rty
93598;2;FAĀ;2;30FF;00005-00001012;2023-04-03;2023-05-08;2023-04-03;247.672;0;247.672;uio
93598;2;FAĀ;8;30FF;00005-00001025;2023-04-12;2023-05-08;2023-04-08;1.782;0;1.782;abc
6343;2;FCĀ;6;CTD;00004-00000009;2023-04-27;2023-05-01;2023-04-27;37.000;0;37.000;qwe
93375;2;FCĀ;2;CTD;00003-00000061;2022-11-14;2022-11-14;2022-11-10;50.000;0;50.000;rty
93375;2;FCĀ;2;CTD;00003-00000063;2023-01-19;2023-01-23;2023-01-16;50.000;0;50.000;uio
93375;2;FCĀ;2;CTD;00003-00000064;2023-02-14;2023-02-06;2023-02-03;50.000;0;50.000;abc
93375;2;FCĀ;2;CTD;00003-00000065;2023-03-10;2023-03-13;2023-03-09;50.000;0;50.000;qwe
93375;2;FCĀ;2;CTD;00003-00000066;2023-04-05;2023-04-10;2023-04-05;50.000;0;50.000;rty
8477;1;FAĀ;9;30FF;00003-00001452;2023-03-31;2023-04-24;2023-03-21;301.701;0;301.701;uio
8477;1;FAĀ;9;30FF;00003-00001458;2023-04-11;2023-05-08;2023-04-05;47.583;0;47.583;abc
8611;1;GBĀ;10;CTD;00004-00000023;2023-04-30;2023-05-01;2023-04-30;8.000;0;8.000;qwe
8021;1;GBĀ;10;CTD;00004-00000023;2023-04-30;2023-05-01;2023-04-30;357.348;0;357.348;rty
90713;1;FAĀ;6;60FF;00002-00000646;2023-04-10;2023-06-12;2023-04-06;90.750;0;90.750;uio
93439;3;FCĀ;2;30FF;00002-00000137;2023-04-18;2023-05-22;2023-04-18;114.500;0;114.500;abc
90927;2;FAĀ;6;CTD;0006-00000629;2020-04-24;2020-04-27;2020-04-24;61.589;30.795;30.795;qwe
90927;2;FAĀ;6;CTD;0006-00000637;2020-05-26;2020-05-25;2020-05-18;61.589;30.795;30.795;rty
90927;2;FFĀ;8;CTD;00005-00000522;2022-05-19;2022-05-23;2022-05-19;3.600;0;3.600;uio
90927;2;FAĀ;6;CTD;00006-00001067;2023-03-13;2023-03-06;2023-03-01;163.350;0;163.350;abc
90927;2;FAĀ;6;CTD;00006-00001092;2023-05-03;2023-04-24;2023-04-19;163.350;0;163.350;qwe
90927;2;FAĀ;6;CTD;00006-00001094;2023-05-03;2023-05-08;2023-05-02;163.350;0;163.350;rty
92495;1;FAĀ;11;CTD;00002-00000235;2023-04-25;2023-04-17;2023-04-10;113.723;0;113.723;uio
93502;2;FAĀ;6;CTD;00015-00000007;2023-03-14;2023-03-20;2023-03-14;54.450;0;54.450;abc
10682;3;FCĀ;12;CTD;0002-00001369;2020-11-02;2020-11-09;2020-11-02;6.832;0;6.832;qwe
10682;3;FCĀ;12;CTD;0002-00001382;2020-11-10;2020-11-16;2020-11-10;6.832;0;6.832;rty
10682;3;FCĀ;12;CTD;0002-00001409;2021-01-14;2021-01-18;2021-01-14;8.198;0;8.198;uio
10682;3;FCĀ;12;CTD;0002-00001434;2021-02-18;2021-02-22;2021-02-18;5.596;0;5.596;abc
10682;3;FCĀ;12;CTD;0002-00001438;2021-03-05;2021-03-08;2021-03-05;8.198;0;8.198;qwe
10682;3;FCĀ;12;CTD;0002-00001470;2021-05-12;2021-05-17;2021-05-12;8.198;0;8.198;rty
10682;3;FCĀ;12;CTD;0002-00001498;2021-07-27;2021-08-02;2021-07-27;8.198;0;8.198;uio
10682;3;FCĀ;12;CTD;0002-00001526;2021-09-16;2021-09-20;2021-09-16;8.198;0;8.198;abc
10682;3;FCĀ;12;CTD;0002-00001594;2021-12-15;2021-12-20;2021-12-15;8.198;0;8.198;qwe
10682;3;FCĀ;12;CTD;0002-00001617;2022-01-13;2022-01-17;2022-01-13;11.067;0;11.067;rty
10682;3;FCĀ;12;CTD;00002-00001667;2022-03-14;2022-03-21;2022-03-14;11.067;0;11.067;uio
10682;3;FCĀ;12;CTD;00002-00001705;2022-05-13;2022-05-16;2022-05-13;11.067;0;11.067;abc
10682;3;FCĀ;12;CTD;00002-00001744;2022-07-15;2022-07-18;2022-07-11;11.067;0;11.067;qwe
10167;1;RFAĀ;6;CTD;0002-00000312;2019-04-10;2019-04-08;2019-04-05;14.520;0;14.520;rty
10167;1;FAĀ;6;CTD;0002-00000003;2019-12-11;2019-12-09;2019-12-03;36.300;0;36.300;uio
10167;1;RFAĀ;6;CTD;0002-00000382;2020-09-03;2020-09-07;2020-09-03;24.200;0;24.200;abc
10167;1;FAĀ;6;CTD;00003-00000108;2023-04-11;2023-04-17;2023-04-10;43.560;0;43.560;qwe
10167;1;FAĀ;6;CTD;00003-00000110;2023-04-11;2023-04-17;2023-04-10;14.520;0;14.520;rty
10167;1;FAĀ;6;CTD;00003-00000109;2023-04-11;2023-04-17;2023-04-10;29.040;0;29.040;uio
1530;2;FCĀ;13;CTD;0001-00000010;2021-11-29;2021-12-06;2021-11-29;140.000;0;140.000;abc
2167;2;FAĀ;6;CTD;0003-00000593;2019-11-06;2019-11-04;2019-11-01;36.300;0;36.300;qwe
2167;2;FAĀ;6;CTD;0003-00000597;2019-12-03;2019-12-09;2019-12-02;36.300;0;36.300;rty
2167;2;FAĀ;6;CTD;0003-00000600;2020-01-02;2020-01-06;2020-01-02;36.300;0;36.300;uio
2167;2;FAĀ;6;CTD;0003-00000606;2020-02-05;2020-02-10;2020-02-03;36.300;0;36.300;abc
2167;2;FAĀ;6;CTD;0003-00000610;2020-03-02;2020-03-09;2020-03-02;36.300;0;36.300;qwe
2167;2;FAĀ;6;CTD;0003-00000611;2020-04-01;2020-04-06;2020-04-01;36.300;0;36.300;rty
2167;2;FAĀ;6;CTD;0003-00000623;2020-09-21;2020-06-22;2020-06-17;36.300;0;36.300;uio
2167;2;FAĀ;6;CTD;0003-00000624;2020-09-21;2020-06-22;2020-06-17;36.300;0;36.300;abc
2167;2;FAĀ;6;CTD;0003-00000625;2020-07-02;2020-07-06;2020-07-02;36.300;0;36.300;qwe
2167;2;FAĀ;6;CTD;0003-00000629;2020-08-03;2020-08-10;2020-08-03;36.300;0;36.300;rty
2167;2;FAĀ;6;CTD;0003-00000638;2020-09-01;2020-09-07;2020-09-01;36.300;0;36.300;uio
2167;2;CAĀ;6;CTD;00003-00000614;2023-04-11;2023-04-10;2023-04-03;-36.300;0;-36.300;abc
2167;2;FAĀ;6;CTD;00003-00000863;2023-04-11;2023-04-10;2023-04-03;36.300;0;36.300;qwe
2167;2;FAĀ;6;CTD;00003-00000871;2023-05-03;2023-05-08;2023-05-02;36.300;0;36.300;rty
2167;2;CAĀ;6;CTD;00003-00000631;2023-05-03;2023-05-08;2023-05-02;-36.300;0;-36.300;uio
365;1;FCĀ;6;CTD;00003-00001833;2023-02-08;2023-02-13;2023-02-06;103.740;0;103.740;abc
365;1;FCĀ;6;CTD;00003-00001935;2023-03-08;2023-03-13;2023-03-08;103.740;0;103.740;qwe
365;1;FCĀ;6;CTD;00003-00001976;2023-04-12;2023-04-17;2023-04-12;103.740;0;103.740;rty
9835;1;ACXĀ;0;CTD;;2023-05-03;2023-05-03;2023-05-03;0;9.000;-9.000;uio
90734;1;FCĀ;6;CTD;00002-00000152;2023-04-05;2023-04-10;2023-04-04;480.350;0;480.350;abc
93131;1;FAĀ;6;CTD;00001-00000253;2023-02-28;2023-02-27;2023-02-24;70.180;0;70.180;qwe
93131;1;FAĀ;6;CTD;00001-00000259;2023-03-08;2023-03-06;2023-03-01;70.180;0;70.180;rty
93131;1;FAĀ;6;CTD;00001-00000264;2023-04-13;2023-04-17;2023-04-13;70.180;0;70.180;uio
90257;1;FAĀ;6;CTD;00003-00000093;2022-01-17;2022-01-10;2022-01-07;26.979;0;26.979;abc
90257;1;FAĀ;6;CTD;00003-00000099;2022-09-09;2022-09-12;2022-09-08;53.956;0;53.956;qwe
90257;1;FAĀ;6;CTD;00003-00000101;2022-11-11;2022-11-14;2022-11-10;26.978;0;26.978;rty
90257;1;FAĀ;6;CTD;00003-00000107;2023-04-19;2023-04-24;2023-04-17;11.873;0;11.873;uio
90257;1;FAĀ;6;CTD;00003-00000106;2023-04-19;2023-04-24;2023-04-17;51.668;0;51.668;abc
90257;1;FAĀ;6;CTD;00003-00000108;2023-04-19;2023-04-24;2023-04-17;74.070;0;74.070;qwe
9669;1;FAĀ;6;CTD;00002-00000176;2023-03-14;2023-03-20;2023-03-13;88.332;0;88.332;rty
9669;1;CAĀ;6;CTD;00002-00000012;2023-04-12;2023-04-17;2023-04-12;-13.251;0;-13.251;uio
9669;1;FAĀ;6;CTD;00002-00000177;2023-04-12;2023-04-17;2023-04-12;116.821;0;116.821;abc
91222;1;FAĀ;6;CTD;00002-00000048;2023-04-13;2023-04-17;2023-04-12;19.360;0;19.360;qwe
90891;2;FAĀ;6;CTD;0002-00000028;2020-12-21;2020-12-28;2020-12-21;22.385;0;22.385;rty
90891;2;FAĀ;6;CTD;0002-00000033;2021-10-06;2021-10-11;2021-10-06;24.200;0;24.200;uio
90891;2;FAĀ;6;CTD;00002-00000034;2022-02-18;2022-02-21;2022-02-18;72.600;0;72.600;abc
92720;1;FAĀ;14;60FF;00001-00000108;2023-03-28;2023-05-29;2023-03-23;30.250;0;30.250;qwe
92720;1;FAĀ;14;60FF;00001-00000107;2023-03-28;2023-05-29;2023-03-23;127.050;0;127.050;rty
92720;1;FAĀ;9;60FF;00001-00000110;2023-04-18;2023-06-19;2023-04-14;242.000;0;242.000;uio
92720;1;FAĀ;9;60FF;00001-00000111;2023-04-25;2023-06-26;2023-04-19;169.400;0;169.400;abc
10963;2;FAĀ;11;CTD;00002-00000851;2023-05-03;2023-05-01;2023-04-28;78.147;0;78.147;qwe
92060;2;FCĀ;15;60FF;00002-00000397;2023-03-06;2023-05-08;2023-03-04;60.000;0;60.000;rty
92060;2;FCĀ;15;60FF;00002-00000398;2023-03-06;2023-05-08;2023-03-04;165.000;0;165.000;uio
92060;2;FCĀ;15;60FF;00002-00000396;2023-03-06;2023-05-08;2023-03-04;28.000;0;28.000;abc
92060;2;FCĀ;15;60FF;00002-00000399;2023-03-20;2023-05-29;2023-03-20;39.900;0;39.900;qwe
92060;2;FCĀ;15;60FF;00002-00000400;2023-03-27;2023-05-29;2023-03-24;18.000;0;18.000;rty
92060;2;FCĀ;15;60FF;00002-00000401;2023-04-12;2023-06-12;2023-04-06;122.300;0;122.300;uio
92060;2;FCĀ;15;60FF;00002-00000402;2023-04-26;2023-07-03;2023-04-26;98.000;0;98.000;abc
93565;2;FSAĀ;3;CTD;00006-00000132;2023-03-08;2023-03-06;2023-03-01;9.180;2.566;6.615;qwe
2693;1;FAĀ;9;30FF;0002-00000361;2020-02-18;2020-03-23;2020-02-18;51.845;0;51.845;abc
2693;1;FAĀ;9;30FF;0002-00000364;2020-02-18;2020-03-23;2020-02-18;25.600;0;25.600;rty
93827;1;FXĀ;6;CTD;00001-00000023;2023-01-19;2023-01-23;2023-01-19;80.000;0;80.000;abc
93827;1;FXĀ;6;CTD;00002-00000023;2023-02-27;2023-03-06;2023-02-27;80.000;0;80.000;qwe
93827;1;FXĀ;6;CTD;00003-00000023;2023-03-13;2023-03-20;2023-03-13;80.000;0;80.000;abc
93827;1;FXĀ;6;CTD;00004-00000023;2023-04-10;2023-04-17;2023-04-10;80.000;0;80.000;rty
92660;2;FAĀ;11;30FF;0002-00000060;2019-12-01;2019-12-30;2019-12-01;58.080;16.800;41.280;abc
92660;2;FAĀ;11;30FF;0002-00000070;2020-03-01;2020-03-30;2020-03-01;58.080;0;58.080;qwe
92660;2;FAĀ;2;30FF;0002-00000077;2020-05-01;2020-06-01;2020-05-01;58.080;0;58.080;rty
92660;2;FAĀ;2;30FF;0002-00000081;2020-06-01;2020-07-06;2020-06-01;58.080;0;58.080;uio
92660;2;FAĀ;11;30FF;0002-00000087;2020-08-01;2020-08-31;2020-08-01;58.080;0;58.080;abc
92660;2;FAĀ;11;30FF;0002-00000138;2021-11-01;2021-12-06;2021-11-01;58.080;0;58.080;qwe
92660;2;FAĀ;11;30FF;0002-00000141;2021-12-01;2022-01-03;2021-12-01;58.080;0;58.080;rty
92660;2;FAĀ;11;30FF;0002-00000144;2022-01-01;2022-01-31;2022-01-01;58.080;0;58.080;uio
92660;2;FAĀ;11;30FF;00002-00000166;2022-07-01;2022-08-01;2022-07-01;58.080;0;58.080;abc
92660;2;FAĀ;11;30FF;00002-00000179;2022-09-01;2022-10-03;2022-09-01;58.080;0;58.080;qwe
92660;2;FAĀ;11;30FF;00002-00000184;2022-10-04;2022-10-31;2022-10-01;58.080;0;58.080;rty
92660;2;FAĀ;2;30FF;00002-00000188;2022-11-07;2022-12-05;2022-11-01;58.080;0;58.080;uio
92660;2;FAĀ;2;30FF;00002-00000192;2022-12-02;2023-01-02;2022-12-01;58.080;0;58.080;abc
92660;2;FAĀ;11;30FF;00002-00000196;2023-01-17;2023-01-30;2023-01-01;58.080;0;58.080;qwe
92660;2;FAĀ;11;30FF;00002-00000200;2023-02-03;2023-03-06;2023-02-01;58.080;0;58.080;rty
92660;2;FAĀ;11;30FF;00002-00000203;2023-03-02;2023-04-03;2023-03-01;58.080;0;58.080;uio
92660;2;FAĀ;11;30FF;00002-00000207;2023-04-04;2023-05-01;2023-04-01;58.080;0;58.080;abc
92660;2;FAĀ;11;30FF;00002-00000212;2023-05-03;2023-06-05;2023-05-01;58.080;0;58.080;qwe
92315;1;FAĀ;9;15+30F;00008-00002606;2023-02-28;2023-03-12;2023-02-27;758;0;758;rty
92315;1;FAĀ;9;15+30F;00008-00002605;2023-02-28;2023-03-12;2023-02-27;1.800;0;1.800;uio
92315;1;FAĀ;9;15+30F;00008-00002608;2023-02-28;2023-03-12;2023-02-27;18.450;0;18.450;abc
92315;1;FAĀ;9;15+30F;00008-00002607;2023-02-28;2023-03-12;2023-02-27;8.340;0;8.340;qwe
92315;1;FAĀ;9;15+30F;00008-00002604;2023-02-28;2023-03-12;2023-02-27;3.875;0;3.875;rty
92315;1;FAĀ;9;15+30F;00008-00002609;2023-02-28;2023-03-12;2023-02-27;53.242;0;53.242;uio
92315;1;FAĀ;9;15+30F;00008-00002603;2023-02-28;2023-03-12;2023-02-27;23.538;0;23.538;abc
92315;1;FAĀ;9;15+30F;00008-00002602;2023-02-28;2023-03-12;2023-02-27;7.750;0;7.750;qwe
92315;1;FAĀ;9;15+30F;00008-00002601;2023-02-28;2023-03-12;2023-02-27;13.026;0;13.026;rty
92315;1;FAĀ;9;15+30F;00008-00002612;2023-02-28;2023-03-12;2023-02-27;6.912;0;6.912;uio
92315;1;FAĀ;9;15+30F;00008-00002611;2023-02-28;2023-03-12;2023-02-27;75.743;0;75.743;abc
92315;1;FAĀ;9;15+30F;00008-00002615;2023-02-28;2023-03-12;2023-02-27;2.313;0;2.313;qwe
92315;1;FAĀ;9;15+30F;00008-00002616;2023-02-28;2023-03-12;2023-02-27;6.182;0;6.182;rty
92315;1;FAĀ;9;15+30F;00008-00002618;2023-02-28;2023-03-12;2023-02-27;18.168;0;18.168;uio
92315;1;FAĀ;9;15+30F;00008-00002617;2023-02-28;2023-03-12;2023-02-27;31.000;0;31.000;abc
92315;1;FAĀ;9;15+30F;00008-00002614;2023-02-28;2023-03-12;2023-02-27;15.500;0;15.500;qwe
92315;1;FAĀ;9;15+30F;00008-00002814;2023-04-26;2023-05-07;2023-04-24;30.446;0;30.446;rty
279;2;FSAĀ;16;CTD;00014-14506133;2023-02-22;2023-02-13;2023-02-09;1.584;0;1.584;uio
59;2;FSAĀ;16;CTD;0001-03321271;2020-06-03;2020-05-25;2020-05-21;174.071;0;174.071;abc
59;2;FSAĀ;16;CTD;0001-03388477;2020-09-25;2020-06-29;2020-06-23;611;0;611;qwe
59;2;FSAĀ;16;CTD;0001-03445628;2021-03-16;2020-08-03;2020-07-27;630;0;630;rty
59;2;FSAĀ;16;CTD;0001-03511579;2020-09-25;2020-08-31;2020-08-25;139;0;139;uio
59;2;FSAĀ;16;CTD;0001-03565706;2020-11-30;2020-09-21;2020-09-20;562;0;562;abc
59;2;FSAĀ;16;CTD;0001-03633385;2021-03-16;2020-10-26;2020-10-23;144;0;144;qwe
59;2;FSAĀ;16;CTD;0001-03690457;2020-12-22;2020-11-23;2020-11-20;581;0;581;rty
59;2;FSAĀ;16;CTD;0001-03755139;2021-03-08;2020-12-28;2020-12-23;190;0;190;uio
59;2;FSAĀ;16;CTD;0001-03878933;2021-03-08;2021-03-01;2021-02-24;659;0;659;abc
59;2;FSAĀ;16;CTD;00201-74824905;2022-08-24;2022-08-22;2022-08-18;2.465;0;2.465;qwe
59;2;FSAĀ;16;CTD;00201-00978306;2022-09-13;2022-09-12;2022-09-09;886;0;886;rty
59;2;FSAĀ;16;CTD;00201-76951528;2022-09-30;2022-09-19;2022-09-15;2.524;0;2.524;uio
59;2;FSAĀ;16;CTD;00201-79223286;2022-11-29;2022-10-24;2022-10-17;2.709;0;2.709;abc
59;2;FSAĀ;16;CTD;00201-81370062;2022-11-29;2022-11-21;2022-11-14;3.526;0;3.526;qwe
3765;1;FAĀ;17;30FF;00014-00080193;2023-04-25;2023-05-22;2023-04-19;241.952;0;241.952;rty
3765;1;FAĀ;17;30FF;00014-00080194;2023-04-25;2023-05-22;2023-04-19;13.428;0;13.428;uio
3765;1;FAĀ;9;30FF;00014-00080118;2023-04-19;2023-05-22;2023-04-18;199.395;0;199.395;abc
3349;1;FAĀ;11;CTD;0002-00001070;2020-10-07;2020-10-12;2020-10-07;146.525;0;146.525;qwe
3349;1;FAĀ;11;CTD;0002-00001074;2020-11-02;2020-11-09;2020-11-02;146.525;0;146.525;rty
3349;1;FAĀ;11;CTD;0002-00001077;2020-12-01;2020-12-07;2020-12-01;146.525;0;146.525;uio
3349;1;FAĀ;11;CTD;00002-00001088;2021-01-25;2021-02-01;2021-01-25;234.400;0;234.400;abc
3349;1;FAĀ;11;CTD;0002-00001095;2021-02-23;2021-03-01;2021-02-23;234.400;0;234.400;qwe
3349;1;FAĀ;11;CTD;0002-00001105;2021-04-06;2021-04-12;2021-04-06;234.400;0;234.400;rty
3349;1;FAĀ;11;CTD;00002-00001115;2021-07-19;2021-07-12;2021-07-05;300.320;0;300.320;uio
3349;1;FAĀ;11;CTD;00002-00001116;2021-07-19;2021-07-12;2021-07-05;300.320;0;300.320;abc
3349;1;FAĀ;11;CTD;00002-00001117;2021-07-19;2021-07-12;2021-07-05;300.320;0;300.320;qwe
3349;1;FAĀ;11;CTD;00002-00001120;2021-08-05;2021-08-09;2021-08-05;300.320;0;300.320;rty
3349;1;FAĀ;11;CTD;00002-00001128;2021-09-27;2021-10-04;2021-09-27;300.320;0;300.320;uio
3349;1;FAĀ;11;CTD;00002-00001133;2021-11-01;2021-11-08;2021-11-01;300.320;0;300.320;abc
3349;1;FAĀ;11;CTD;00002-00001137;2021-12-06;2021-12-13;2021-12-06;300.320;0;300.320;qwe
3349;1;FAĀ;11;CTD;00002-00001145;2022-01-27;2022-01-17;2022-01-16;300.320;0;300.320;rty
3349;1;FAĀ;11;CTD;00002-00001153;2022-04-30;2022-03-14;2022-03-07;573.540;0;573.540;uio
3349;1;FAĀ;11;CTD;00002-00001160;2022-04-30;2022-04-25;2022-04-19;573.540;0;573.540;abc
3349;1;FAĀ;11;CTD;00002-00001169;2022-06-08;2022-06-06;2022-06-01;998.182;0;998.182;qwe
3349;1;FAĀ;11;CTD;00002-00001174;2022-08-10;2022-08-01;2022-07-27;499.091;0;499.091;rty
3349;1;FAĀ;11;CTD;00002-00001179;2022-09-13;2022-09-12;2022-09-05;544.500;0;544.500;uio
3349;1;FAĀ;11;CTD;00002-00001185;2022-12-19;2022-11-21;2022-11-14;544.500;0;544.500;abc
3349;1;FAĀ;11;CTD;00002-00001190;2023-04-04;2023-02-06;2023-02-01;565.706;0;565.706;qwe
90317;2;FAĀ;6;CTD;00002-00001036;2022-06-06;2022-06-06;2022-06-01;5.445;0;5.445;rty
90317;2;FAĀ;6;CTD;00002-00001192;2023-03-07;2023-03-06;2023-03-02;94.471;0;94.471;uio
90317;2;FAĀ;6;CTD;00002-00001202;2023-04-03;2023-04-10;2023-04-03;94.471;0;94.471;abc
113;2;FFĀ;18;CTD;00423-00000402;2023-05-03;2023-05-08;2023-05-03;73.174;0;73.174;qwe
113;2;FFĀ;18;CTD;00423-00000502;2023-05-03;2023-05-08;2023-05-03;131.010;0;131.010;rty
93260;2;RFAĀ;6;CTD;00002-00000578;2023-02-03;2023-02-06;2023-02-02;16.335;0;16.335;uio
93260;2;RFAĀ;6;CTD;00002-00000582;2023-03-07;2023-03-06;2023-03-02;14.918;0;14.918;abc
93260;2;RFAĀ;6;CTD;00002-00000587;2023-04-10;2023-04-10;2023-04-05;16.335;0;16.335;qwe
93156;1;FAĀ;6;CTD;00001-00000047;2022-06-16;2022-06-06;2022-06-04;145.200;0;145.200;rty
93156;1;FAĀ;6;CTD;00001-00000048;2022-07-13;2022-07-04;2022-07-01;145.200;0;145.200;uio
93156;1;FAĀ;6;CTD;00001-00000049;2022-08-31;2022-09-05;2022-08-31;145.200;0;145.200;abc
93156;1;FAĀ;6;CTD;00001-00000050;2022-09-09;2022-09-05;2022-09-01;145.200;0;145.200;qwe
4909;1;FAĀ;7;CTD;03330-00007778;2023-02-17;2023-02-20;2023-02-17;144.383;48.128;96.255;rty
351;1;FFĀ;1;CTD;02022-00000422;2022-12-05;2022-12-12;2022-12-05;4.207.329;2.498.057;1.709.273;uio
351;1;FFĀ;1;CTD;02023-00000123;2023-03-13;2023-03-20;2023-03-13;7.470.972;5.602.300;1.868.672;abc
93642;2;FAĀ;17;CTD;00001-00000160;2023-04-25;2023-04-17;2023-04-12;62.255;0;62.255;qwe
93642;2;FAĀ;17;CTD;00001-00000162;2023-04-25;2023-04-24;2023-04-23;1.866.909;0;1.866.909;rty
3488;1;FAĀ;6;CTD;00003-00000243;2023-03-28;2023-03-06;2023-03-01;435.600;326.700;108.900;uio
3488;1;FAĀ;6;CTD;00003-00000242;2023-03-14;2023-03-06;2023-03-01;173.030;0;173.030;abc
3488;1;FAĀ;6;CTD;00003-00000240;2023-03-14;2023-03-06;2023-03-01;31.460;0;31.460;qwe
3488;1;FAĀ;6;CTD;00003-00000241;2023-03-14;2023-03-06;2023-03-01;111.320;0;111.320;rty
3488;1;FAĀ;6;CTD;00003-00000249;2023-04-19;2023-04-24;2023-04-19;173.030;0;173.030;uio
3488;1;FAĀ;6;CTD;00003-00000250;2023-04-19;2023-04-24;2023-04-19;31.460;0;31.460;abc
3488;1;FAĀ;6;CTD;00003-00000251;2023-04-19;2023-04-24;2023-04-19;111.320;0;111.320;qwe
93986;2;FAĀ;17;CTD;00001-00000029;2023-04-24;2023-04-24;2023-04-20;459.800;0;459.800;rty
93986;2;FAĀ;17;CTD;00001-00000032;2023-05-03;2023-05-08;2023-05-02;459.800;0;459.800;uio
93470;2;FAĀ;11;CTD;00009-00002356;2023-02-09;2022-07-18;2022-07-15;30.978;0;30.978;abc
93470;2;FAĀ;11;CTD;00009-00002497;2023-03-23;2023-03-20;2023-03-15;8.867;0;8.867;qwe
93165;2;FAĀ;11;CTD;00003-00130702;2022-12-19;2022-12-19;2022-12-13;60.390;0;60.390;rty
93165;2;FAĀ;11;CTD;00003-00131966;2023-04-20;2023-03-06;2023-02-27;6.844;0;6.844;uio
93165;2;CAĀ;11;CTD;00003-00036887;2023-04-12;2023-04-17;2023-04-11;-18.264;0;-18.264;abc
93165;2;CAĀ;11;CTD;00003-00036898;2023-04-19;2023-04-17;2023-04-13;-12.778;0;-12.778;qwe
93529;2;FAĀ;11;CTD;00002-00009109;2023-04-19;2023-01-23;2023-01-16;670.086;0;670.086;rty
93987;2;FAĀ;17;CTD;00001-00002091;2023-04-25;2023-05-01;2023-04-24;291.368;145.684;145.684;uio
93717;2;FAĀ;19;CTD;00003-00000811;2022-11-30;2022-12-05;2022-11-29;2.420.901;0;2.420.901;abc
93717;2;FAĀ;19;CTD;00003-00000812;2022-11-30;2022-12-05;2022-11-29;4.890.099;0;4.890.099;qwe
93717;2;FAĀ;19;CTD;00003-00000817;2022-12-29;2023-01-02;2022-12-27;3.440.982;0;3.440.982;rty
93717;2;FAĀ;19;CTD;00003-00000823;2023-02-27;2023-02-27;2023-02-24;4.189.128;0;4.189.128;uio
93717;2;FAĀ;19;CTD;00003-00000839;2023-04-25;2023-05-01;2023-04-24;7.935.370;0;7.935.370;abc
1474;1;FAĀ;9;15FF;00011-00156820;2023-04-20;2023-04-17;2023-03-28;2.151.283;0;2.151.283;qwe
1474;1;FAĀ;9;15FF;00011-00156795;2023-03-29;2023-04-17;2023-03-28;51.316;0;51.316;rty
1474;1;FAĀ;17;15FF;00011-00157530;2023-04-19;2023-05-08;2023-04-17;215.509;0;215.509;uio
797;2;FAĀ;9;7FF;00007-00025953;2023-04-28;2023-05-08;2023-04-25;1.385.100;0;1.385.100;abc
11043;1;FAĀ;6;CTD;0002-00000139;2019-12-11;2019-10-07;2019-10-01;44.106;0;44.106;qwe
11043;1;FAĀ;6;CTD;0002-00000140;2019-11-01;2019-11-04;2019-11-01;44.106;0;44.106;rty
11043;1;FAĀ;6;CTD;0002-00000142;2019-12-11;2019-12-02;2019-12-01;44.106;0;44.106;uio
11043;1;FAĀ;6;CTD;0002-00000143;2020-01-02;2020-01-06;2020-01-02;44.106;0;44.106;abc
780;1;FAĀ;2;CTD;00003-00011592;2022-11-14;2022-10-10;2022-10-04;11.652;0;11.652;qwe
7842;1;FAĀ;6;CTD;00008-00000100;2023-04-18;2023-04-24;2023-04-17;84.700;0;84.700;rty
93319;1;FAĀ;6;CTD;00001-00000120;2023-04-05;2023-04-10;2023-04-04;48.400;0;48.400;uio
93357;2;FAĀ;6;CTD;00006-00000119;2023-04-04;2023-04-10;2023-04-03;64.130;0;64.130;abc
93357;2;FAĀ;6;CTD;00006-00000125;2023-05-03;2023-05-08;2023-05-02;64.130;0;64.130;qwe
93718;2;FAĀ;2;CTD;00003-00000165;2023-05-03;2023-05-08;2023-05-03;106.178;0;106.178;rty
93659;2;FCĀ;9;CTD;00004-00000027;2023-05-02;2023-05-08;2023-05-02;149.860;0;149.860;uio
2166;1;FCĀ;6;CTD;00002-00000047;2023-03-10;2023-03-13;2023-03-10;116.000;58.000;58.000;abc
92410;2;FAĀ;17;CTD;00001-00015137;2023-04-25;2023-04-17;2023-04-12;4.235;0;4.235;qwe
3292;1;FXĀ;6;CTD;00010-00001022;2022-10-11;2022-10-17;2022-10-11;49.000;0;49.000;rty
3292;1;FXĀ;6;CTD;00011-00001122;2022-11-11;2022-11-14;2022-11-11;49.000;0;49.000;uio
3292;1;FXĀ;6;CTD;00012-00001222;2022-12-15;2022-12-19;2022-12-15;49.000;0;49.000;abc
3292;1;FXĀ;6;CTD;00001-00000023;2023-01-19;2023-01-23;2023-01-19;49.000;0;49.000;qwe
3292;1;FXĀ;6;CTD;00002-00000023;2023-02-27;2023-03-06;2023-02-27;49.000;0;49.000;rty
3292;1;FXĀ;6;CTD;00003-00000023;2023-03-13;2023-03-20;2023-03-13;49.000;0;49.000;uio
3292;1;FXĀ;6;CTD;00004-00000023;2023-04-10;2023-04-17;2023-04-10;49.000;0;49.000;abc
3348;1;FAĀ;6;CTD;00004-00000041;2023-04-10;2023-04-17;2023-04-10;27.225;0;27.225;qwe
93433;2;FCĀ;9;30FF;00002-00000106;2023-03-23;2023-04-24;2023-03-22;10.000;0;10.000;rty
93433;2;FCĀ;9;30FF;00002-00000103;2023-03-23;2023-04-24;2023-03-22;7.095;0;7.095;uio
93433;2;FCĀ;9;30FF;00002-00000102;2023-03-23;2023-04-24;2023-03-22;11.550;0;11.550;abc
93433;2;FCĀ;9;30FF;00002-00000104;2023-03-23;2023-04-24;2023-03-22;7.260;0;7.260;qwe
93433;2;FCĀ;9;30FF;00002-00000101;2023-03-23;2023-04-24;2023-03-22;50.160;0;50.160;rty
93433;2;FCĀ;17;30FF;00002-00000109;2023-03-30;2023-05-01;2023-03-29;200.000;0;200.000;uio
93433;2;FCĀ;17;30FF;00002-00000114;2023-03-30;2023-05-01;2023-03-30;245.000;0;245.000;abc
93433;2;FCĀ;9;30FF;00002-00000113;2023-03-31;2023-05-01;2023-03-29;8.415;0;8.415;qwe
93433;2;FCĀ;9;30FF;00002-00000110;2023-03-31;2023-05-01;2023-03-31;23.430;0;23.430;rty
93433;2;FCĀ;9;30FF;00002-00000112;2023-03-31;2023-05-01;2023-03-29;106.260;0;106.260;uio
91545;1;FCĀ;6;CTD;00003-00000049;2023-02-28;2023-03-06;2023-02-28;60.000;0;60.000;abc
91545;1;FCĀ;6;CTD;00003-00000051;2023-04-10;2023-04-17;2023-04-10;60.000;0;60.000;qwe
10722;2;FAĀ;11;CTD;00010-00003139;2023-03-23;2023-03-20;2023-03-14;188.498;0;188.498;rty
10722;2;FAĀ;11;CTD;00001-00003208;2023-04-12;2023-04-17;2023-04-11;188.498;0;188.498;uio
91481;1;FCĀ;6;CTD;00010-00000090;2023-05-02;2023-05-08;2023-05-02;55.000;0;55.000;abc
92935;1;FAĀ;11;CTD;0020-00030807;2021-02-09;2021-02-15;2021-02-09;172.400;0;172.400;qwe
92935;1;FAĀ;11;CTD;0020-00033376;2021-10-07;2021-10-11;2021-10-07;1.490.273;0;1.490.273;rty
92935;1;FAĀ;11;CTD;0020-00033377;2021-10-07;2021-10-11;2021-10-07;144.228;0;144.228;uio
92935;1;FAĀ;11;CTD;0020-00033378;2021-10-07;2021-10-11;2021-10-07;14.166;0;14.166;abc
92935;1;FAĀ;11;CTD;0020-00033375;2021-10-07;2021-10-11;2021-10-07;31.921;0;31.921;qwe
92935;1;FAĀ;11;CTD;0070-00001299;2021-10-25;2021-11-01;2021-10-25;163.734;0;163.734;rty
92935;1;FAĀ;11;CTD;0070-00001300;2021-10-25;2021-11-01;2021-10-25;124.981;0;124.981;uio
3339;1;FXĀ;20;CTD;0001-00003522;2021-06-30;2021-07-05;2021-06-30;199.645;0;199.645;abc
3339;1;FXĀ;20;CTD;0001-00003528;2021-07-22;2021-07-26;2021-07-22;114.222;0;114.222;qwe
3339;1;FXĀ;20;CTD;0001-00003533;2021-07-23;2021-07-26;2021-07-23;48.756;0;48.756;rty
3339;1;FXĀ;20;CTD;0001-00003530;2021-07-22;2021-07-26;2021-07-22;51.290;0;51.290;uio
3339;1;FXĀ;20;CTD;0001-00003532;2021-07-23;2021-07-26;2021-07-23;181.621;0;181.621;abc
3339;1;FXĀ;20;CTD;0001-00003550;2021-07-31;2021-08-02;2021-07-31;10.722;0;10.722;qwe
3339;1;FXĀ;20;CTD;0001-00003549;2021-07-31;2021-08-02;2021-07-31;162.524;0;162.524;rty
3339;1;FXĀ;20;CTD;0001-00003548;2021-07-31;2021-08-02;2021-07-31;435.750;0;435.750;uio
3339;1;FXĀ;20;CTD;0001-00003547;2021-07-31;2021-08-02;2021-07-31;230.910;0;230.910;abc
3339;1;FXĀ;20;CTD;0001-00003546;2021-07-31;2021-08-02;2021-07-31;113.418;0;113.418;qwe
3339;1;FXĀ;20;CTD;0001-00003545;2021-07-31;2021-08-02;2021-07-31;178.663;0;178.663;rty
3339;1;FXĀ;20;CTD;0001-00003544;2021-07-31;2021-08-02;2021-07-31;191.250;0;191.250;uio
3339;1;FXĀ;20;CTD;0001-00003543;2021-07-31;2021-08-02;2021-07-31;31.133;0;31.133;abc
3339;1;FXĀ;20;CTD;0001-00003542;2021-07-31;2021-08-02;2021-07-31;4.548;3.636;912;qwe
3339;1;FXĀ;20;CTD;0001-00003541;2021-07-31;2021-08-02;2021-07-31;13.509;0;13.509;rty
3339;1;FXĀ;20;CTD;0001-00003540;2021-07-31;2021-08-02;2021-07-31;150.063;0;150.063;uio
3339;1;FXĀ;20;CTD;0001-00003539;2021-07-31;2021-08-02;2021-07-31;62.264;0;62.264;abc
3339;1;FXĀ;20;CTD;0001-00003551;2021-07-31;2021-08-02;2021-07-31;4.227;0;4.227;qwe
3339;1;FXĀ;20;CTD;0001-00003552;2021-07-31;2021-08-02;2021-07-31;138.097;0;138.097;rty
3339;1;FXĀ;20;CTD;0001-00003553;2021-07-31;2021-08-02;2021-07-31;37.165;0;37.165;uio
3339;1;FXĀ;20;CTD;0001-00003554;2021-07-31;2021-08-02;2021-07-31;178.663;0;178.663;abc
3339;1;FXĀ;20;CTD;0001-00003555;2021-07-31;2021-08-02;2021-07-31;450.195;0;450.195;qwe
3339;1;FXĀ;20;CTD;0001-00003556;2021-07-31;2021-08-02;2021-07-31;107.835;0;107.835;rty
3339;1;FXĀ;20;CTD;0001-00003559;2021-08-24;2021-08-30;2021-08-24;35.132;0;35.132;uio
258;1;FAĀ;20;30FF;00003-00004356;2022-06-30;2022-08-01;2022-06-30;158.232;0;158.232;abc
258;1;FAĀ;20;30FF;00003-00004388;2022-07-25;2022-08-29;2022-07-25;38.304;0;38.304;qwe
258;1;FAĀ;20;30FF;00003-00004389;2022-07-25;2022-08-29;2022-07-25;200.598;0;200.598;rty
258;1;FAĀ;20;30FF;00003-00004390;2022-07-25;2022-08-29;2022-07-25;333.913;0;333.913;uio
258;1;FAĀ;20;30FF;00003-00004391;2022-07-25;2022-08-29;2022-07-25;156.731;0;156.731;abc
258;1;FAĀ;20;30FF;00003-00004392;2022-07-25;2022-08-29;2022-07-25;360.386;0;360.386;qwe
258;1;FAĀ;20;30FF;00003-00004393;2022-07-25;2022-08-29;2022-07-25;179.624;0;179.624;rty
258;1;FAĀ;20;30FF;00003-00004394;2022-07-25;2022-08-29;2022-07-25;104.791;0;104.791;uio
258;1;FAĀ;20;30FF;00003-00004395;2022-07-25;2022-08-29;2022-07-25;61.571;0;61.571;abc
258;1;FAĀ;20;30FF;00003-00004396;2022-07-26;2022-08-29;2022-07-25;17.618;0;17.618;qwe
258;1;FAĀ;20;30FF;00003-00004397;2022-07-26;2022-08-29;2022-07-25;4.778;0;4.778;rty
258;1;FAĀ;20;30FF;00003-00004405;2022-07-31;2022-08-29;2022-07-31;449.859;0;449.859;uio
258;1;FAĀ;20;30FF;00003-00004406;2022-07-31;2022-08-29;2022-07-31;167.022;0;167.022;abc
258;1;FAĀ;20;30FF;00003-00004407;2022-07-31;2022-08-29;2022-07-31;249.502;0;249.502;qwe
258;1;FAĀ;20;30FF;00003-00004415;2022-08-08;2022-09-12;2022-08-08;249.502;0;249.502;rty
258;1;FAĀ;20;30FF;00003-00004436;2022-08-24;2022-09-26;2022-08-23;1.830;0;1.830;uio
258;1;FAĀ;20;30FF;00003-00004437;2022-08-24;2022-09-26;2022-08-23;492.342;0;492.342;abc
258;1;FAĀ;20;30FF;00003-00004442;2022-08-25;2022-09-26;2022-08-25;150.802;0;150.802;qwe
258;1;FAĀ;20;30FF;00003-00004441;2022-08-25;2022-09-26;2022-08-25;20.405;0;20.405;rty
258;1;FAĀ;20;30FF;00003-00004479;2022-09-29;2022-10-31;2022-09-28;102.832;0;102.832;uio
258;1;FAĀ;20;30FF;00003-00004480;2022-09-29;2022-10-31;2022-09-28;156.816;0;156.816;abc
258;1;FAĀ;20;30FF;00003-00004481;2022-09-29;2022-10-31;2022-09-28;65.688;0;65.688;qwe
258;1;FAĀ;20;30FF;00003-00004482;2022-09-29;2022-10-31;2022-09-28;69.260;0;69.260;rty
258;1;FAĀ;20;30FF;00003-00004483;2022-09-29;2022-10-31;2022-09-28;2.501;0;2.501;uio
258;1;FAĀ;20;30FF;00003-00004512;2023-02-27;2022-10-31;2022-09-30;67.760;0;67.760;abc
258;1;FAĀ;20;30FF;00003-00004513;2023-02-27;2022-10-31;2022-09-30;550.853;0;550.853;qwe
258;1;FAĀ;20;30FF;00003-00004514;2023-02-27;2022-10-31;2022-09-30;174.651;0;174.651;rty
258;1;FAĀ;20;30FF;00003-00004526;2022-10-19;2022-11-21;2022-10-18;336.513;0;336.513;uio
258;1;FAĀ;20;30FF;00003-00004527;2022-10-19;2022-11-21;2022-10-18;1.685.550;0;1.685.550;abc
258;1;FAĀ;20;30FF;00003-00004528;2022-10-19;2022-11-21;2022-10-18;935.482;0;935.482;qwe
258;1;FAĀ;20;30FF;00003-00004529;2022-10-19;2022-11-21;2022-10-18;292.926;0;292.926;rty
258;1;FAĀ;20;30FF;00003-00004530;2022-10-19;2022-11-21;2022-10-18;2.091.679;0;2.091.679;uio
258;1;FAĀ;20;30FF;00003-00004531;2022-10-19;2022-11-21;2022-10-18;266.207;0;266.207;abc
258;1;FAĀ;20;30FF;00003-00004532;2022-10-19;2022-11-21;2022-10-18;186.408;0;186.408;qwe
258;1;FAĀ;20;30FF;00003-00004533;2022-10-19;2022-11-21;2022-10-18;170.418;0;170.418;rty
258;1;FAĀ;20;30FF;00003-00004534;2022-10-19;2022-11-21;2022-10-18;457.053;0;457.053;uio
258;1;FAĀ;20;30FF;00003-00004535;2022-10-19;2022-11-21;2022-10-18;1.252.350;0;1.252.350;abc
258;1;FAĀ;20;30FF;00003-00004536;2022-10-19;2022-11-21;2022-10-18;35.447;0;35.447;qwe
258;1;FAĀ;20;30FF;00003-00004537;2022-10-19;2022-11-21;2022-10-18;104.627;0;104.627;rty
258;1;FAĀ;20;30FF;00003-00004557;2022-10-25;2022-11-28;2022-10-25;27.104;0;27.104;uio
258;1;FAĀ;20;30FF;00003-00004567;2022-10-31;2022-12-05;2022-10-31;76.631;0;76.631;abc
258;1;FAĀ;20;30FF;00003-00004568;2022-10-31;2022-12-05;2022-10-31;29.432;0;29.432;qwe
258;1;FAĀ;20;30FF;00003-00004569;2022-10-31;2022-12-05;2022-10-31;687.101;0;687.101;rty
258;1;FAĀ;20;30FF;00003-00004570;2022-10-31;2022-12-05;2022-10-31;96.842;0;96.842;uio
258;1;FAĀ;20;30FF;00003-00004571;2022-10-31;2022-12-05;2022-10-31;233.893;0;233.893;abc
258;1;FAĀ;20;30FF;00003-00004576;2022-10-31;2022-12-05;2022-10-31;1.547.977;0;1.547.977;qwe
258;1;FAĀ;20;30FF;00003-00004577;2022-10-31;2022-12-05;2022-10-31;191.567;0;191.567;rty
258;1;FAĀ;20;30FF;00003-00004578;2022-10-31;2022-12-05;2022-10-31;40.051;0;40.051;uio
258;1;FAĀ;20;30FF;00003-00004579;2022-10-31;2022-12-05;2022-10-31;525.599;0;525.599;abc
258;1;FAĀ;20;30FF;00003-00004580;2022-10-31;2022-12-05;2022-10-31;218.550;0;218.550;qwe
258;1;FAĀ;20;30FF;00003-00004581;2022-10-31;2022-12-05;2022-10-31;403.511;0;403.511;rty
258;1;FAĀ;20;30FF;00003-00004586;2022-11-11;2022-12-12;2022-11-09;3.267;0;3.267;uio
258;1;FAĀ;20;30FF;00003-00004589;2022-11-11;2022-12-12;2022-11-09;25.374;0;25.374;abc
258;1;FAĀ;20;30FF;00003-00004590;2022-11-11;2022-12-12;2022-11-09;15.524;0;15.524;qwe
258;1;FAĀ;20;30FF;00003-00004593;2022-11-11;2022-12-12;2022-11-09;125.540;0;125.540;rty
258;1;FAĀ;20;30FF;00003-00004594;2022-11-11;2022-12-12;2022-11-09;69.790;0;69.790;uio
258;1;FAĀ;20;30FF;00003-00004592;2022-11-11;2022-12-12;2022-11-09;1.096.057;0;1.096.057;abc
258;1;FAĀ;20;30FF;00003-00004661;2022-11-30;2023-01-02;2022-11-29;111.093;0;111.093;qwe
258;1;FAĀ;20;30FF;00003-00004660;2022-11-30;2023-01-02;2022-11-29;95.530;0;95.530;rty
258;1;FAĀ;20;30FF;00003-00004659;2022-11-30;2023-01-02;2022-11-29;2.239;0;2.239;uio
258;1;FAĀ;20;30FF;00003-00004658;2022-11-30;2023-01-02;2022-11-29;32.982;0;32.982;abc
258;1;FAĀ;20;30FF;00003-00004657;2022-11-30;2023-01-02;2022-11-29;272.688;0;272.688;qwe
258;1;FAĀ;20;30FF;00003-00004656;2022-11-30;2023-01-02;2022-11-29;525.599;0;525.599;rty
258;1;FAĀ;20;30FF;00003-00004655;2022-11-30;2023-01-02;2022-11-29;7.260;0;7.260;uio
258;1;FAĀ;20;30FF;00003-00004654;2022-11-30;2023-01-02;2022-11-29;27.588;0;27.588;abc
258;1;FAĀ;20;30FF;00003-00004653;2022-11-30;2023-01-02;2022-11-29;79.274;0;79.274;qwe
258;1;FAĀ;20;30FF;00003-00004652;2022-11-30;2023-01-02;2022-11-29;12.705;0;12.705;rty
258;1;FAĀ;20;30FF;00003-00004651;2022-11-30;2023-01-02;2022-11-29;24.987;0;24.987;uio
258;1;FAĀ;20;30FF;00003-00004650;2022-11-30;2023-01-02;2022-11-29;20.405;0;20.405;abc
258;1;FAĀ;20;30FF;00003-00004649;2022-11-30;2023-01-02;2022-11-29;223.689;0;223.689;qwe
258;1;FAĀ;20;30FF;00003-00004648;2022-11-30;2023-01-02;2022-11-29;266.321;0;266.321;rty
258;1;FAĀ;20;30FF;00003-00004647;2022-11-30;2023-01-02;2022-11-29;54.862;0;54.862;uio
258;1;FAĀ;20;30FF;00003-00004636;2023-02-27;2023-01-02;2022-11-28;5;0;5;abc
258;1;FAĀ;20;30FF;00003-00004637;2023-02-27;2023-01-02;2022-11-28;30.613;0;30.613;qwe
258;1;FAĀ;20;30FF;00003-00004638;2023-02-27;2023-01-02;2022-11-28;117.709;0;117.709;rty
258;1;FAĀ;20;30FF;00003-00004639;2023-02-27;2023-01-02;2022-11-28;5.143;0;5.143;uio
258;1;FAĀ;20;30FF;00003-00004640;2023-02-27;2023-01-02;2022-11-28;40.830;0;40.830;abc
258;1;FAĀ;20;30FF;00003-00004641;2023-02-27;2023-01-02;2022-11-28;21.925;0;21.925;qwe
258;1;FAĀ;20;30FF;00003-00004642;2023-02-27;2023-01-02;2022-11-28;2.771;0;2.771;rty
258;1;FAĀ;20;30FF;00003-00004644;2023-02-27;2023-01-02;2022-11-28;88.693;0;88.693;uio
258;1;FAĀ;20;30FF;00003-00004645;2023-02-27;2023-01-02;2022-11-28;4.356;0;4.356;abc
258;1;FAĀ;20;30FF;00003-00004646;2023-02-27;2023-01-02;2022-11-29;353.586;0;353.586;qwe
258;1;FAĀ;20;30FF;00003-00004643;2023-02-27;2023-01-02;2022-11-28;11.051;0;11.051;rty
258;1;CAĀ;20;30FF;00003-00001031;2022-12-30;2023-01-16;2022-12-13;-935.482;0;-935.482;uio
258;1;FAĀ;20;30FF;00003-00004682;2022-12-21;2023-01-23;2022-12-19;49.624;0;49.624;abc
258;1;FAĀ;20;30FF;00003-00004681;2022-12-21;2023-01-23;2022-12-19;85.910;0;85.910;qwe
258;1;FAĀ;20;30FF;00003-00004680;2022-12-21;2023-01-23;2022-12-19;16.033;0;16.033;rty
258;1;FAĀ;20;30FF;00003-00004679;2022-12-21;2023-01-23;2022-12-19;9.643;0;9.643;uio
258;1;FAĀ;20;30FF;00003-00004678;2022-12-21;2023-01-23;2022-12-19;234.822;0;234.822;abc
258;1;FAĀ;20;30FF;00003-00004677;2022-12-21;2023-01-23;2022-12-19;219.640;0;219.640;qwe
258;1;FAĀ;20;30FF;00003-00004676;2022-12-21;2023-01-23;2022-12-19;370.019;0;370.019;rty
258;1;FAĀ;20;30FF;00003-00004701;2022-12-21;2023-01-23;2022-12-21;2.302.582;0;2.302.582;uio
258;1;FAĀ;20;30FF;00003-00004700;2022-12-21;2023-01-23;2022-12-21;89.331;0;89.331;abc
258;1;FAĀ;20;30FF;00004-00004712;2022-12-29;2023-01-30;2022-12-27;155.683;0;155.683;qwe
258;1;FAĀ;20;30FF;00003-00004723;2022-12-31;2023-01-30;2022-12-31;49.761;0;49.761;rty
258;1;FAĀ;20;30FF;00003-00004724;2022-12-31;2023-01-30;2022-12-31;596.880;0;596.880;uio
258;1;FAĀ;20;30FF;00003-00004725;2022-12-31;2023-01-30;2022-12-31;18.755;0;18.755;abc
258;1;FAĀ;20;30FF;00003-00004726;2022-12-31;2023-01-30;2022-12-31;525.602;0;525.602;qwe
258;1;FAĀ;20;30FF;00003-00004727;2022-12-31;2023-01-30;2022-12-31;3.329;0;3.329;rty
258;1;FAĀ;20;30FF;00003-00004781;2023-01-31;2023-03-06;2023-01-31;53.666;0;53.666;uio
258;1;FAĀ;20;30FF;00003-00004782;2023-01-31;2023-03-06;2023-01-31;65.950;0;65.950;abc
258;1;FAĀ;20;30FF;00003-00004783;2023-01-31;2023-03-06;2023-01-31;2.516;0;2.516;qwe
258;1;FAĀ;20;30FF;00003-00004785;2023-01-31;2023-03-06;2023-01-31;348.524;0;348.524;rty
258;1;FAĀ;20;30FF;00003-00004838;2023-02-16;2023-03-20;2023-02-14;648.926;0;648.926;uio
258;1;FAĀ;20;30FF;00003-00004837;2023-02-16;2023-03-20;2023-02-14;71.299;0;71.299;abc
258;1;FAĀ;20;30FF;00003-00004836;2023-02-16;2023-03-20;2023-02-14;340.881;0;340.881;qwe
258;1;FAĀ;20;30FF;00003-00004835;2023-02-16;2023-03-20;2023-02-14;114.557;0;114.557;rty
258;1;FAĀ;20;30FF;00003-00004834;2023-02-16;2023-03-20;2023-02-14;529.594;0;529.594;uio
258;1;FAĀ;20;30FF;00003-00004833;2023-02-16;2023-03-20;2023-02-14;223.325;0;223.325;abc
258;1;FAĀ;20;30FF;00003-00004832;2023-02-16;2023-03-20;2023-02-14;155.492;0;155.492;qwe
258;1;;0;;;;;;;;;rty
258;1;FAĀ;20;30FF;00003-00004831;2023-02-16;2023-03-20;2023-02-14;104.738;0;104.738;uio
258;1;FAĀ;20;30FF;00003-00004830;2023-02-16;2023-03-20;2023-02-14;629.425;0;629.425;abc
258;1;FAĀ;20;30FF;00003-00004829;2023-02-16;2023-03-20;2023-02-14;170.441;0;170.441;qwe
258;1;FAĀ;20;30FF;00003-00004828;2023-02-16;2023-03-20;2023-02-14;541.112;0;541.112;rty
258;1;FAĀ;20;30FF;00003-00004827;2023-02-16;2023-03-20;2023-02-14;759.527;0;759.527;uio
258;1;FAĀ;20;30FF;00003-00004826;2023-02-16;2023-03-20;2023-02-14;396.033;0;396.033;abc
258;1;CAĀ;20;30FF;00003-00001053;2023-02-16;2023-03-20;2023-02-14;-396.033;0;-396.033;qwe
258;1;FAĀ;20;30FF;00003-00004865;2023-02-28;2023-04-03;2023-02-28;53.499;0;53.499;rty
258;1;FAĀ;20;30FF;00003-00004861;2023-02-28;2023-04-03;2023-02-28;465.850;0;465.850;uio
258;1;FAĀ;20;30FF;00003-00004862;2023-02-28;2023-04-03;2023-02-28;232.925;0;232.925;abc
258;1;FAĀ;20;30FF;00003-00004863;2023-02-28;2023-04-03;2023-02-28;740.014;0;740.014;qwe
258;1;FAĀ;20;30FF;00003-00004864;2023-02-28;2023-04-03;2023-02-28;10.285;0;10.285;rty
258;1;FAĀ;20;30FF;00003-00004866;2023-02-28;2023-04-03;2023-02-28;41.382;0;41.382;uio
258;1;FAĀ;20;30FF;00003-00004867;2023-02-28;2023-04-03;2023-02-28;2.904;0;2.904;abc
258;1;FAĀ;20;30FF;00003-00004868;2023-02-28;2023-04-03;2023-02-28;7.260;0;7.260;qwe
258;1;FAĀ;20;30FF;00003-00004869;2023-02-28;2023-04-03;2023-02-28;504.570;0;504.570;rty
258;1;FAĀ;20;30FF;00003-00004870;2023-02-28;2023-04-03;2023-02-28;860.455;0;860.455;uio
258;1;FAĀ;20;30FF;00003-00004871;2023-02-28;2023-04-03;2023-02-28;124.920;0;124.920;abc
258;1;FAĀ;20;30FF;00003-00004872;2023-02-28;2023-04-03;2023-02-28;79.842;0;79.842;qwe
258;1;FAĀ;20;30FF;00003-00004873;2023-02-28;2023-04-03;2023-02-28;148.891;0;148.891;rty
258;1;FAĀ;20;30FF;00003-00004874;2023-02-28;2023-04-03;2023-02-28;63.888;0;63.888;uio
258;1;FAĀ;20;30FF;00003-00004875;2023-02-28;2023-04-03;2023-02-28;590.640;0;590.640;abc
258;1;FAĀ;20;30FF;00003-00004887;2023-02-28;2023-04-03;2023-02-28;65.582;0;65.582;qwe
258;1;FAĀ;20;30FF;00003-00004888;2023-02-28;2023-04-03;2023-02-28;49.723;0;49.723;rty
258;1;FAĀ;20;30FF;00003-00004889;2023-02-28;2023-04-03;2023-02-28;14.444;0;14.444;uio
258;1;FAĀ;20;30FF;00003-00004890;2023-02-28;2023-04-03;2023-02-28;31.460;0;31.460;abc
258;1;FAĀ;20;30FF;00003-00004891;2023-02-28;2023-04-03;2023-02-28;59.895;0;59.895;qwe
258;1;FAĀ;20;30FF;00003-00004892;2023-02-28;2023-04-03;2023-02-28;183.436;0;183.436;rty
258;1;FAĀ;20;30FF;00003-00004893;2023-02-28;2023-04-03;2023-02-28;83.430;0;83.430;uio
258;1;FAĀ;20;30FF;00003-00004894;2023-02-28;2023-04-03;2023-02-28;10.813;0;10.813;abc
258;1;FAĀ;20;30FF;00003-00004896;2023-02-28;2023-04-03;2023-02-28;2.368.158;0;2.368.158;qwe
258;1;FAĀ;20;30FF;00003-00004897;2023-02-28;2023-04-03;2023-02-28;1.021.857;0;1.021.857;rty
258;1;FAĀ;20;30FF;00003-00004902;2023-02-28;2023-04-03;2023-02-28;68.204;0;68.204;uio
258;1;FAĀ;20;30FF;00003-00004903;2023-02-28;2023-04-03;2023-02-28;23.442;0;23.442;abc
258;1;FAĀ;20;30FF;00003-00004918;2023-03-17;2023-04-17;2023-03-17;83.490;0;83.490;qwe
258;1;FAĀ;20;30FF;00003-00004919;2023-03-17;2023-04-17;2023-03-17;171.881;0;171.881;rty
258;1;FAĀ;20;30FF;00003-00004922;2023-03-17;2023-04-17;2023-03-17;1.396.098;0;1.396.098;uio
258;1;FAĀ;20;30FF;00003-00004926;2023-03-17;2023-04-17;2023-03-17;22.990;0;22.990;abc
258;1;FAĀ;20;30FF;00003-00004929;2023-03-17;2023-04-17;2023-03-17;55.176;0;55.176;qwe
258;1;FAĀ;20;30FF;00003-00004949;2023-03-28;2023-05-01;2023-03-28;205.327;0;205.327;rty
258;1;FAĀ;20;30FF;00003-00004961;2023-04-18;2023-05-15;2023-04-14;863.214;0;863.214;uio
258;1;FAĀ;20;30FF;00003-00004962;2023-04-18;2023-05-15;2023-04-14;225.544;0;225.544;abc
258;1;FAĀ;20;30FF;00003-00004963;2023-04-18;2023-05-15;2023-04-14;59.532;0;59.532;qwe
258;1;FAĀ;20;30FF;00003-00004964;2023-04-18;2023-05-15;2023-04-14;8.022;0;8.022;rty
258;1;FAĀ;20;30FF;00003-00004965;2023-04-18;2023-05-15;2023-04-14;409.464;0;409.464;uio
258;1;FAĀ;20;30FF;00003-00004966;2023-04-18;2023-05-15;2023-04-14;949.475;0;949.475;abc
258;1;FAĀ;20;30FF;00003-00004989;2023-04-25;2023-05-29;2023-04-24;542.656;0;542.656;qwe
258;1;FAĀ;20;30FF;00003-00004990;2023-04-25;2023-05-29;2023-04-24;243.573;0;243.573;rty
258;1;FAĀ;20;30FF;00003-00004985;2023-04-25;2023-05-29;2023-04-24;3.630;0;3.630;uio
372;1;FAĀ;20;30FF;00003-00004986;2023-04-25;2023-05-29;2023-04-24;26.945;0;26.945;abc
372;1;FFĀ;1;CTD;00003-00000322;2022-10-06;2022-10-10;2022-10-06;1.870.832;911.582;959.250;qwe
90886;2;FFĀ;1;CTD;00001-00118740;2022-11-07;2022-11-14;2022-11-07;98.342;73.005;25.337;rty
90886;2;FFĀ;1;CTD;0008-00000821;2021-08-04;2021-08-09;2021-08-04;4.158;0;4.158;uio
90886;2;FFĀ;1;CTD;0009-00000921;2021-09-01;2021-09-06;2021-09-01;4.158;0;4.158;abc
90886;2;FFĀ;1;CTD;0010-00001021;2021-10-10;2021-10-11;2021-10-10;4.158;0;4.158;qwe
90886;2;FFĀ;1;CTD;0011-00001121;2021-10-28;2021-11-01;2021-10-28;4.158;0;4.158;rty
90886;2;FFĀ;1;CTD;0012-00001221;2021-12-01;2021-12-06;2021-12-01;4.158;0;4.158;uio
90886;2;FFĀ;1;CTD;0001-00000122;2022-01-13;2022-01-17;2022-01-13;3.017;0;3.017;abc
90886;2;FFĀ;1;CTD;00002-00000222;2022-02-01;2022-02-07;2022-02-01;3.017;0;3.017;qwe
90886;2;FFĀ;1;CTD;00003-00000322;2022-03-01;2022-03-07;2022-03-01;6.034;0;6.034;rty
90886;2;FFĀ;1;CTD;00004-00000422;2022-04-01;2022-04-04;2022-04-01;6.034;0;6.034;uio
90886;2;FFĀ;1;CTD;00005-00000522;2022-04-29;2022-05-02;2022-04-29;3.017;0;3.017;abc
90886;2;FFĀ;1;CTD;00006-00000622;2022-05-31;2022-06-06;2022-05-31;6.034;0;6.034;qwe
90886;2;FFĀ;1;CTD;00007-00000722;2022-07-06;2022-07-11;2022-07-06;6.034;0;6.034;rty
90886;2;FFĀ;1;CTD;00008-00000822;2022-08-04;2022-08-08;2022-08-04;6.034;0;6.034;uio
90886;2;FFĀ;1;CTD;00009-00000922;2022-10-11;2022-10-17;2022-10-11;6.034;0;6.034;abc
90886;2;FFĀ;1;CTD;00010-00001022;2022-10-11;2022-10-17;2022-10-11;6.034;0;6.034;qwe
90886;2;FFĀ;1;CTD;00011-00001122;2022-11-08;2022-11-14;2022-11-08;6.034;0;6.034;rty
90886;2;FFĀ;1;CTD;00012-00001222;2022-12-02;2022-12-05;2022-12-02;6.034;0;6.034;uio
90886;2;FFĀ;1;CTD;00001-00002023;2023-01-12;2023-01-16;2023-01-12;9.660;0;9.660;abc
90886;2;FFĀ;1;CTD;00002-00002023;2023-02-06;2023-02-13;2023-02-06;9.660;0;9.660;qwe
90886;2;FFĀ;1;CTD;00003-00002023;2023-03-08;2023-03-06;2023-03-05;9.660;0;9.660;rty
740;1;FFĀ;1;CTD;00004-00002023;2023-04-10;2023-04-17;2023-04-10;9.660;0;9.660;uio
740;1;FFĀ;1;CTD;0002-00002020;2020-06-08;2020-06-15;2020-06-08;23.258;0;23.258;abc
740;1;FFĀ;1;CTD;0003-00002020;2020-12-10;2020-12-14;2020-12-10;23.258;0;23.258;qwe
740;1;FFĀ;1;CTD;0004-00002020;2020-12-10;2020-12-14;2020-12-10;23.258;0;23.258;rty
740;1;FFĀ;1;CTD;0001-00000121;2021-03-26;2021-03-29;2021-03-26;31.397;0;31.397;uio
740;1;FFĀ;1;CTD;0002-00000221;2021-06-14;2021-06-07;2021-06-01;31.397;0;31.397;abc
740;1;FFĀ;1;CTD;0003-00000321;2021-08-24;2021-08-30;2021-08-24;31.397;0;31.397;qwe
740;1;FFĀ;1;CTD;0004-00000421;2021-11-18;2021-11-22;2021-11-18;31.397;0;31.397;rty
740;1;FFĀ;1;CTD;00001-00002022;2022-03-01;2022-03-07;2022-03-01;42.392;0;42.392;uio
740;1;FFĀ;1;CTD;00002-00002022;2022-06-08;2022-06-13;2022-06-08;42.392;0;42.392;abc
740;1;FFĀ;1;CTD;00003-00002022;2022-08-29;2022-09-05;2022-08-29;42.392;0;42.392;qwe
318;2;FFĀ;1;CTD;00004-00002022;2022-11-17;2022-11-21;2022-11-17;52.984;0;52.984;rty
318;2;FFĀ;1;CTD;00004-00000421;2022-03-03;2022-03-07;2022-03-03;166.076;0;166.076;uio
318;2;FFĀ;1;CTD;00002-00000222;2022-04-29;2022-05-02;2022-04-29;211.410;0;211.410;abc
318;2;FFĀ;1;CTD;00003-00000322;2022-09-07;2022-09-12;2022-09-07;211.410;0;211.410;qwe
318;2;FFĀ;1;CTD;00004-00000422;2022-11-08;2022-11-14;2022-11-08;274.833;0;274.833;rty
343;1;FFĀ;1;CTD;00001-00000123;2023-03-13;2023-03-13;2023-03-10;391.500;0;391.500;uio
343;1;FFĀ;1;CTD;0001-00000121;2021-03-01;2021-03-08;2021-03-01;418.167;0;418.167;abc
343;1;FFĀ;1;CTD;0003-00000321;2021-09-23;2021-09-27;2021-09-23;509.177;0;509.177;qwe
343;1;FFĀ;1;CTD;0002-00000221;2021-09-24;2021-09-27;2021-09-24;490.984;0;490.984;rty
343;1;FFĀ;1;CTD;0004-00000421;2021-12-06;2021-12-13;2021-12-06;424.161;0;424.161;uio
343;1;FFĀ;1;CTD;00001-00000122;2022-04-07;2022-04-11;2022-04-07;745.427;417.485;327.942;abc
343;1;FFĀ;1;CTD;00006-00000622;2022-06-03;2022-06-06;2022-06-03;723.501;0;723.501;qwe
343;1;FFĀ;1;CTD;00003-00000322;2022-09-15;2022-09-19;2022-09-15;956.127;0;956.127;rty
93551;2;FFĀ;1;CTD;00004-00000422;2022-12-06;2022-12-12;2022-12-06;956.127;0;956.127;uio
287;1;FFĀ;1;CTD;00003-00002022;2022-03-10;2022-03-14;2022-03-10;3.772.758;2.375.440;1.397.318;abc
287;1;FFĀ;1;CTD;0002-00022020;2020-12-01;2020-12-07;2020-12-01;35.275;0;35.275;qwe
287;1;FFĀ;1;CTD;0003-00000320;2020-12-01;2020-12-07;2020-12-01;35.275;0;35.275;rty
287;1;FFĀ;1;CTD;0004-00000420;2020-12-01;2020-12-07;2020-12-01;35.275;0;35.275;uio
287;1;FFĀ;1;CTD;0005-00000520;2020-12-01;2020-12-07;2020-12-01;32.108;0;32.108;abc
287;1;FFĀ;1;CTD;0006-00000620;2020-12-01;2020-12-07;2020-12-01;32.108;0;32.108;qwe
287;1;FFĀ;1;CTD;0012-00002020;2020-12-01;2020-12-07;2020-12-01;1.350;0;1.350;rty
287;1;FFĀ;1;CTD;0002-00000221;2021-04-07;2021-04-12;2021-04-07;34.787;0;34.787;uio
287;1;FFĀ;1;CTD;0001-00000121;2021-09-24;2021-09-27;2021-09-24;44.588;0;44.588;abc
287;1;FFĀ;1;CTD;0003-00000321;2021-09-24;2021-09-27;2021-09-24;38.750;0;38.750;qwe
287;1;FFĀ;1;CTD;0004-00000421;2021-09-24;2021-09-27;2021-09-24;34.787;0;34.787;rty
287;1;FFĀ;1;CTD;0005-00000521;2021-09-24;2021-09-27;2021-09-24;30.219;0;30.219;uio
287;1;FFĀ;1;CTD;0006-00000621;2021-12-01;2021-12-06;2021-12-01;32.019;0;32.019;abc
287;1;FFĀ;1;CTD;0012-00002021;2021-12-20;2021-12-27;2021-12-20;1.800;0;1.800;qwe
287;1;FFĀ;1;CTD;00002-00000222;2022-04-14;2022-04-18;2022-04-14;44.568;0;44.568;rty
287;1;FFĀ;1;CTD;00001-00000122;2022-04-18;2022-04-25;2022-04-18;49.174;0;49.174;uio
287;1;FFĀ;1;CTD;00006-00000622;2022-06-03;2022-06-06;2022-06-03;44.568;0;44.568;abc
287;1;FFĀ;1;CTD;00004-00000422;2022-08-04;2022-08-08;2022-08-04;44.568;0;44.568;qwe
287;1;FFĀ;1;CTD;00005-00000522;2022-10-11;2022-10-17;2022-10-11;44.568;0;44.568;rty
287;1;FFĀ;1;CTD;00012-00001222;2022-12-19;2022-12-26;2022-12-19;2.600;0;2.600;uio
287;1;FFĀ;1;CTD;00006-00062022;2022-12-19;2022-12-26;2022-12-19;44.568;0;44.568;abc
287;1;FFĀ;1;CTD;00102-00002023;2023-04-26;2023-05-01;2023-04-26;77.819;0;77.819;qwe
439;1;FFĀ;1;CTD;00304-00002023;2023-04-26;2023-05-01;2023-04-26;77.819;0;77.819;rty
439;1;FFĀ;1;CTD;0001-17181920;2021-11-30;2021-12-06;2021-11-30;318.500;0;318.500;uio
439;1;FFĀ;1;CTD;0500-00002020;2021-11-30;2021-12-06;2021-11-30;153.942;0;153.942;abc
8016;1;FFĀ;1;CTD;0500-00002021;2021-11-30;2021-12-06;2021-11-30;151.900;0;151.900;qwe
93269;1;FAĀ;11;CTD;00006-00008356;2022-12-16;2022-12-19;2022-12-15;34.050;0;34.050;rty
1959;2;FAĀ;11;CTD;00001-00002861;2023-04-19;2023-03-20;2023-03-13;210.810;0;210.810;uio
93541;2;FAĀ;15;30FF;00067-00003202;2023-03-23;2023-04-24;2023-03-21;253.506;0;253.506;abc
92652;1;FMĀ;6;CTD;00003-00000004;2023-04-05;2023-04-10;2023-04-04;104.420;0;104.420;qwe
92652;1;FAĀ;19;90D;00001-00000435;2023-01-09;2023-03-13;2023-01-05;281.325;0;281.325;rty
92652;1;FAĀ;19;90D;00001-00000442;2023-02-28;2023-04-17;2023-02-06;58.080;0;58.080;uio
92652;1;FAĀ;19;90D;00001-00000443;2023-02-28;2023-04-17;2023-02-06;466.455;0;466.455;abc
92652;1;FAĀ;19;90D;00001-00000450;2023-03-09;2023-05-08;2023-03-03;784.080;0;784.080;qwe
93472;2;FAĀ;19;90D;00001-00000451;2023-03-09;2023-05-08;2023-03-03;130.680;0;130.680;rty
93472;2;FAĀ;9;30FF;00003-00003283;2022-09-28;2022-10-31;2022-09-26;39.900;0;39.900;uio
93472;2;FAĀ;9;30FF;00003-00003618;2023-03-23;2023-04-24;2023-03-21;7.190;0;7.190;abc
93472;2;FAĀ;9;30FF;00003-00003642;2023-04-19;2023-05-08;2023-04-06;69.000;0;69.000;qwe
93472;2;FAĀ;9;30FF;00003-00003643;2023-04-19;2023-05-08;2023-04-06;10.050;0;10.050;rty
93472;2;FAĀ;9;30FF;00003-00003644;2023-04-19;2023-05-08;2023-04-06;10.050;0;10.050;uio
8175;2;FAĀ;9;30FF;00003-00003657;2023-04-19;2023-05-15;2023-04-13;52.740;0;52.740;abc
8175;2;FAĀ;6;CTD;00002-00000069;2023-02-03;2023-02-06;2023-02-03;36.300;0;36.300;qwe
8175;2;FAĀ;6;CTD;00002-00000070;2023-03-10;2023-03-06;2023-03-01;36.300;0;36.300;rty
9664;1;FAĀ;6;CTD;00002-00000071;2023-04-11;2023-04-10;2023-04-03;58.080;0;58.080;uio
11237;1;FAĀ;6;CTD;00002-00000052;2023-02-27;2023-02-20;2023-02-16;56.496;0;56.496;abc
11237;1;FAĀ;6;CTD;00003-00000492;2023-02-14;2023-02-13;2023-02-10;108.900;0;108.900;qwe
3217;1;FAĀ;6;CTD;00003-00000499;2023-03-07;2023-03-13;2023-03-07;108.900;0;108.900;rty
10668;2;FCĀ;6;CTD;00004-00000041;2023-04-12;2023-04-17;2023-04-12;35.000;0;35.000;uio
10668;2;FAĀ;9;CTD;00002-00000206;2023-03-13;2023-03-13;2023-03-10;922.020;0;922.020;abc
10668;2;FAĀ;17;CTD;00002-00000209;2023-04-13;2023-04-17;2023-04-11;225.110;0;225.110;qwe
7684;2;FAĀ;17;CTD;00002-00000211;2023-04-13;2023-04-17;2023-04-12;176.055;0;176.055;rty
7684;2;RFCĀ;6;CTD;00002-00000272;2023-04-18;2023-04-17;2023-04-14;26.000;0;26.000;uio
93463;2;RFCĀ;6;CTD;00002-00000273;2023-04-18;2023-04-17;2023-04-14;26.000;0;26.000;abc
1255;1;FAĀ;19;CTD;0002-00000344;2021-08-05;2021-08-09;2021-08-05;163.350;0;163.350;qwe
11;1;FAĀ;9;CTD;7013-00009138;2021-10-25;2021-10-04;2021-09-27;312.039;291.925;20.114;rty
11;1;FAĀ;9;60FF;00334-00108922;2022-09-01;2022-11-07;2022-09-01;195.040;0;195.040;uio
11;1;FAĀ;9;60FF;00334-00116122;2023-03-23;2023-05-29;2023-03-22;44.670;0;44.670;abc
11;1;FAĀ;9;60FF;00334-00117032;2023-04-25;2023-06-26;2023-04-18;28.662;0;28.662;qwe
11;1;FAĀ;9;60FF;00350-00060304;2023-05-03;2023-06-26;2023-04-19;10.202;0;10.202;rty
11;1;FAĀ;9;60FF;00334-00117231;2023-05-03;2023-06-26;2023-04-21;179.632;0;179.632;uio
7019;2;FAĀ;9;60FF;00334-00117281;2023-05-03;2023-07-03;2023-04-24;40.271;0;40.271;abc
7019;2;FMĀ;6;CTD;0002-00000002;2020-04-16;2020-03-02;2020-02-29;12.100;0;12.100;qwe
7019;2;FMĀ;6;CTD;0002-00000003;2020-05-01;2020-03-02;2020-02-29;12.100;0;12.100;rty
7019;2;FMĀ;6;CTD;00002-00000054;2023-02-28;2023-03-06;2023-02-27;36.300;0;36.300;uio
7554;1;FMĀ;6;CTD;00002-00000056;2023-03-31;2023-04-03;2023-03-27;36.300;0;36.300;abc
93575;2;FAĀ;11;CTD;00002-00001179;2022-04-06;2022-04-11;2022-04-06;87.846;67.100;20.746;qwe
93575;2;FAĀ;17;CTD;00001-00001624;2023-04-20;2023-04-10;2023-04-03;4.124.765;0;4.124.765;rty
93575;2;FAĀ;17;CTD;00001-00001638;2023-04-19;2023-04-17;2023-04-11;1.544.964;0;1.544.964;uio
394;2;FAĀ;17;CTD;00001-00001656;2023-05-03;2023-05-01;2023-04-25;1.622.867;0;1.622.867;abc
10600;4;FCĀ;3;CTD;00003-00000118;2023-04-12;2023-04-17;2023-04-12;303.780;0;303.780;qwe
10600;4;FAĀ;6;CTD;0002-00000730;2021-12-01;2021-12-06;2021-12-01;83.490;72.600;10.890;rty
93367;1;FAĀ;6;CTD;00002-00000915;2023-05-03;2023-05-08;2023-05-02;205.700;0;205.700;uio
93511;2;FCĀ;13;CTD;0001-00000037;2021-11-15;2021-11-15;2021-11-13;300.000;200.000;100.000;abc
93988;2;FCĀ;6;CTD;00002-00000154;2023-04-03;2023-04-10;2023-04-03;150.000;0;150.000;qwe
93988;2;FCĀ;17;CTD;00001-00000002;2023-04-25;2023-05-01;2023-04-24;40.000;0;40.000;rty
93988;2;FCĀ;9;CTD;00001-00000004;2023-04-27;2023-05-01;2023-04-24;80.000;0;80.000;uio
93412;2;FCĀ;17;CTD;00001-00000001;2023-04-26;2023-05-01;2023-04-24;80.000;0;80.000;abc
90840;2;FAĀ;9;CTD;0003-00000695;2021-03-28;2021-03-29;2021-03-28;121.000;0;121.000;qwe
90840;2;FCĀ;6;CTD;00002-00000096;2023-04-01;2023-04-03;2023-04-01;45.000;0;45.000;rty
10429;4;FCĀ;6;CTD;00002-00000099;2023-05-02;2023-05-08;2023-05-01;45.000;0;45.000;uio
10429;4;FAĀE;6;CTD;0003-00000593;2018-01-05;2018-01-08;2018-01-05;37.800;0;37.800;abc
10429;4;FAĀE;6;CTD;0003-00000625;2018-04-05;2018-04-09;2018-04-05;37.800;0;37.800;qwe
10429;4;FAĀ;6;CTD;0003-00000717;2018-11-01;2018-11-05;2018-11-01;37.800;0;37.800;rty
10429;4;FAĀ;6;CTD;0003-00000848;2019-10-10;2019-10-14;2019-10-07;60.550;0;60.550;uio
10429;4;FAĀ;6;CTD;0003-00000861;2019-11-06;2019-11-11;2019-11-04;60.650;0;60.650;abc
10429;4;FAĀ;6;CTD;0003-00000870;2020-01-01;2019-12-16;2019-12-10;60.650;0;60.650;qwe
10429;4;FAĀ;6;CTD;0003-00000879;2020-01-08;2020-01-06;2020-01-03;60.650;0;60.650;rty
10429;4;FAĀ;6;CTD;0003-00000890;2020-02-05;2020-02-10;2020-02-05;60.650;0;60.650;uio
10429;4;FAĀ;6;CTD;0003-00000898;2020-03-05;2020-03-09;2020-03-05;60.650;0;60.650;abc
10429;4;FAĀ;6;CTD;0003-00000907;2020-04-05;2020-04-06;2020-04-05;60.650;0;60.650;qwe
10429;4;FAĀ;6;CTD;0003-00000916;2020-05-06;2020-05-11;2020-05-06;60.650;0;60.650;rty
10429;4;FAĀ;6;CTD;0003-00000924;2020-06-04;2020-06-08;2020-06-04;60.650;0;60.650;uio
10429;4;FAĀ;6;CTD;00003-00001083;2021-11-01;2021-11-08;2021-11-01;42.875;0;42.875;abc
2945;2;FAĀ;6;CTD;00003-00001092;2021-12-06;2021-12-13;2021-12-06;44.100;0;44.100;qwe
2945;2;FAĀ;4;CTD;00005-00080291;2023-05-03;2023-05-08;2023-05-02;5.728;0;5.728;rty
94;1;FAĀ;3;CTD;00005-00080523;2023-05-03;2023-05-08;2023-05-02;5.481;0;5.481;uio
93918;2;FAĀ;9;30FF;0008-00000596;2021-10-21;2021-11-22;2021-10-21;1.500;0;1.500;abc
7337;1;FAĀ;17;30FF;00003-00000247;2023-03-30;2023-05-01;2023-03-29;48.707;0;48.707;qwe
7337;1;FAĀ;21;CTD;00600-00358179;2022-08-30;2022-07-25;2022-07-21;35.739;24.306;11.433;rty
7337;1;FAĀ;21;CTD;00083-00818951;2022-08-31;2022-08-01;2022-07-28;99.125;55.388;43.737;uio
7337;1;CAĀ;21;CTD;00611-00358179;2022-10-30;2022-10-24;2022-10-19;-6.706;-4.932;-1.774;abc
7337;1;CAĀ;21;CTD;00156-00818951;2022-10-30;2022-10-24;2022-10-20;-16.917;-11.335;-5.582;qwe
7337;1;CAĀ;15;CTD;00961-11258417;2022-11-16;2022-11-21;2022-11-15;-63.001;-48.776;-14.225;rty
7337;1;FAĀ;21;CTD;00005-00937658;2023-03-02;2023-01-16;2023-01-11;9.255;0;9.255;uio
7337;1;CAĀ;21;CTD;00159-00818951;2023-04-10;2023-01-30;2023-01-26;-24.336;-3.476;-20.860;abc
7337;1;FAĀ;21;CTD;00005-00643553;2023-02-28;2023-02-06;2023-02-02;16.865;0;16.865;qwe
7337;1;FAĀ;15;CTD;00992-11747426;2023-03-15;2023-02-13;2023-02-08;892.690;178.538;714.152;rty
7337;1;FAĀ;21;CTD;00005-00646258;2023-03-15;2023-02-20;2023-02-15;10.016;0;10.016;uio
93499;2;CAĀ;15;CTD;01056-11747426;2023-04-12;2023-04-10;2023-04-05;-89.269;-17.854;-71.415;abc
93519;2;FAĀ;17;30FF;00003-00000608;2023-04-28;2023-05-29;2023-04-26;77.440;0;77.440;qwe
93993;2;FCĀ;2;CTD;0002-00000178;2021-11-27;2021-10-25;2021-10-21;11.760;0;11.760;rty
10404;2;FCĀ;14;CTD;00002-00000057;2023-04-27;2023-05-01;2023-04-26;30.000;0;30.000;uio
593;5;DAĀ;5;CTD;00004-00000491;2023-04-27;2023-04-24;2023-04-20;84.826;0;84.826;abc
593;5;FAĀ;19;20ĀFF;00023-00132255;2023-04-24;2023-04-19;2023-03-06;544.500;0;544.500;qwe
4653;1;FAĀ;19;20ĀFF;00023-00135316;2023-04-26;2023-05-19;2023-04-25;544.500;0;544.500;rty
4653;1;FSAĀ;18;CTD;04264-00012534;2022-07-30;2022-07-18;2022-07-16;9.375;0;9.375;uio
4653;1;FSAĀ;18;CTD;06364-07355675;2023-04-13;2023-04-17;2023-04-12;885;0;885;abc
93889;2;CAĀ;18;CTD;06474-00043147;2023-04-13;2023-04-17;2023-04-12;-885;0;-885;qwe
93889;2;FAĀ;19;CTD;00001-00005139;2023-03-06;2023-03-06;2023-03-03;726.000;0;726.000;rty
93206;2;FAĀ;19;CTD;00001-00005137;2023-03-06;2023-03-06;2023-03-03;423.500;0;423.500;uio
93206;2;FCĀ;11;CTD;00002-00000290;2023-02-14;2023-01-16;2023-01-10;30.000;0;30.000;abc
11468;1;FCĀ;11;CTD;00002-00000301;2023-02-14;2023-01-30;2023-01-26;15.000;0;15.000;qwe
11468;1;FAĀ;5;CTD;00004-00003042;2022-11-02;2022-11-07;2022-11-01;15.225;0;15.225;rty
5242;1;FAĀ;5;CTD;00004-00003292;2023-04-27;2023-02-06;2023-02-02;23.888;0;23.888;uio
5242;1;FAĀ;6;CTD;0002-00000131;2019-11-05;2019-11-11;2019-11-05;26.140;0;26.140;abc
5242;1;FAĀ;6;CTD;0002-00000132;2019-12-11;2019-12-16;2019-12-10;26.140;0;26.140;qwe
5242;1;FAĀ;6;CTD;0002-00000135;2020-01-08;2020-01-13;2020-01-07;26.140;0;26.140;rty
92627;2;FAĀ;6;CTD;0002-00000134;2020-01-08;2020-01-13;2020-01-07;16.990;0;16.990;uio
93846;2;FAĀ;3;CTD;0004-00002417;2021-06-11;2021-06-14;2021-06-11;26.842;0;26.842;abc
93846;2;FAĀ;19;CTD;00003-00003438;2022-12-29;2023-01-02;2022-12-27;6.947.530;2.918.000;4.029.530;qwe
91371;1;FAĀ;19;CTD;00003-00003470;2023-04-25;2023-05-01;2023-04-24;8.585.951;0;8.585.951;rty
91371;1;FAĀ;20;60FF;00003-00028456;2023-03-13;2023-05-22;2023-03-13;67.499;0;67.499;uio
91371;1;FAĀ;20;60FF;00003-00028519;2023-03-21;2023-05-29;2023-03-21;22.729;0;22.729;abc
91371;1;FAĀ;20;60FF;00003-00028646;2023-04-12;2023-06-19;2023-04-11;95.267;0;95.267;qwe
91371;1;FAĀ;20;60FF;00003-00028731;2023-04-26;2023-06-26;2023-04-19;62.854;0;62.854;rty
93906;2;FAĀ;20;60FF;00003-00028692;2023-04-26;2023-06-26;2023-04-19;52.867;0;52.867;uio
93658;2;FCĀ;22;CTD;00001-00000005;2023-04-28;2023-05-01;2023-04-28;400.000;0;400.000;abc
92832;1;FAĀ;19;CTD;00004-00000401;2023-03-31;2023-02-06;2023-01-31;363.000;0;363.000;qwe
92832;1;FAĀ;6;CTD;0003-00003035;2020-05-06;2020-05-11;2020-05-06;48.400;0;48.400;rty
92832;1;FAĀ;6;CTD;0003-00003032;2020-05-04;2020-05-11;2020-05-04;48.400;0;48.400;uio
92832;1;FAĀ;6;CTD;0003-00003045;2020-06-01;2020-06-08;2020-06-01;48.400;0;48.400;abc
92832;1;FAĀ;6;CTD;0003-00003053;2020-07-01;2020-07-06;2020-07-01;48.400;0;48.400;qwe
92832;1;FAĀ;6;CTD;0003-00003063;2020-08-03;2020-08-10;2020-08-03;48.400;0;48.400;rty
92832;1;FAĀ;6;CTD;0003-00003078;2020-09-02;2020-09-07;2020-09-02;48.400;0;48.400;uio
7306;2;FAĀ;6;CTD;0003-00003089;2020-10-02;2020-10-05;2020-10-02;48.400;0;48.400;abc
7306;2;RFAĀ;6;CTD;00002-00001066;2023-04-18;2023-04-10;2023-04-09;46.585;0;46.585;qwe
7306;2;RFAĀ;6;CTD;00002-00001079;2023-05-03;2023-05-08;2023-05-01;46.585;0;46.585;rty
6342;1;RFAĀ;16;CTD;00002-00001080;2023-05-03;2023-05-08;2023-05-01;13.500;0;13.500;uio
6342;1;FAĀ;15;CTD;02172-00855484;2023-04-18;2023-04-17;2023-04-15;225.407;0;225.407;abc
;;;;;;;;;;;;
;;;;;;;;;;;;
;;;;;;;;;;;;
;;;;;;;;;;;;
;;;;;;;;;;;;
;;;;;;;;;;;;
;;;;;;;;;;;;
;;;;;;;;;;;;
;;;;;;;;;;;;
;;;;;;;;;;;;
;;;;;;;;;;;;
;;;;;;;;;;;;
;;;;;;;;;;;;
;;;;;;;;;;;;
;;;;;;;;;;;;
;;;;;;;;;;;;
;;;;;;;;;;;;
;;;;;;;;;;;;
;;;;;;;;;;;;
;;;;;;;;;;;;
